Entidad,Municipio,Cluster
aguascalientes,aguascalientes,40
aguascalientes,asientos,21
aguascalientes,calvillo,42
aguascalientes,cosio,28
aguascalientes,el llano,2
aguascalientes,jesus maria,35
aguascalientes,pabellon de arteaga,42
aguascalientes,rincon de romos,42
aguascalientes,san francisco de los romo,42
aguascalientes,san jose de gracia,28
aguascalientes,tepezala,13
baja california,ensenada,41
baja california,mexicali,49
baja california,playas de rosarito,48
baja california,tecate,4
baja california,tijuana,29
baja california sur,comondu,14
baja california sur,la paz,34
baja california sur,loreto,26
baja california sur,los cabos,34
baja california sur,mulege,14
campeche,calakmul,2
campeche,calkini,21
campeche,campeche,17
campeche,candelaria,42
campeche,carmen,6
campeche,champoton,14
campeche,escarcega,14
campeche,hecelchakan,19
campeche,hopelchen,2
campeche,palizada,28
chiapas,acacoyagua,19
chiapas,acala,2
chiapas,acapetahua,2
chiapas,aldama,0
chiapas,altamirano,2
chiapas,amatenango de la frontera,2
chiapas,amatenango del valle,0
chiapas,amatan,2
chiapas,angel albino corzo,19
chiapas,arriaga,37
chiapas,bella vista,0
chiapas,benemerito de las americas,19
chiapas,berriozabal,42
chiapas,bochil,19
chiapas,cacahoatan,42
chiapas,catazaja,28
chiapas,chalchihuitan,0
chiapas,chapultenango,0
chiapas,chenalho,2
chiapas,chiapa de corzo,35
chiapas,chiapilla,0
chiapas,chicoasen,28
chiapas,chicomuselo,2
chiapas,chilon,2
chiapas,cintalapa,10
chiapas,coapilla,0
chiapas,comitan de dominguez,43
chiapas,copainala,19
chiapas,el bosque,2
chiapas,el porvenir,0
chiapas,escuintla,19
chiapas,frontera comalapa,10
chiapas,frontera hidalgo,0
chiapas,huehuetan,19
chiapas,huixtla,14
chiapas,huixtan,0
chiapas,ixhuatan,0
chiapas,ixtacomitan,0
chiapas,ixtapa,2
chiapas,jiquipilas,2
chiapas,jitotol,2
chiapas,juarez,19
chiapas,la concordia,21
chiapas,la grandeza,0
chiapas,la independencia,2
chiapas,la libertad,0
chiapas,la trinitaria,21
chiapas,larrainzar,2
chiapas,las margaritas,35
chiapas,las rosas,19
chiapas,mapastepec,21
chiapas,maravilla tenejapa,0
chiapas,mazapa de madero,0
chiapas,mazatan,19
chiapas,metapa,0
chiapas,montecristo de guerrero,0
chiapas,motozintla,10
chiapas,nicolas ruiz,0
chiapas,ocosingo,10
chiapas,ocotepec,0
chiapas,ocozocoautla de espinosa,10
chiapas,ostuacan,0
chiapas,osumacinta,0
chiapas,oxchuc,2
chiapas,palenque,35
chiapas,pantelho,2
chiapas,pantepec,0
chiapas,pichucalco,37
chiapas,pijijiapan,42
chiapas,pueblo nuevo solistahuacan,2
chiapas,rayon,0
chiapas,reforma,37
chiapas,sabanilla,2
chiapas,salto de agua,21
chiapas,san cristobal de las casas,6
chiapas,san fernando,2
chiapas,san juan cancuc,2
chiapas,san lucas,0
chiapas,siltepec,2
chiapas,simojovel,21
chiapas,sitala,0
chiapas,socoltenango,2
chiapas,solosuchiapa,0
chiapas,soyalo,0
chiapas,suchiapa,19
chiapas,suchiate,37
chiapas,tapachula,17
chiapas,tapalapa,0
chiapas,tapilula,13
chiapas,tecpatan,2
chiapas,tenejapa,2
chiapas,teopisca,21
chiapas,tila,21
chiapas,tonala,10
chiapas,totolapa,0
chiapas,tumbala,2
chiapas,tuxtla chico,19
chiapas,tuxtla gutierrez,46
chiapas,tuzantan,2
chiapas,tzimol,0
chiapas,union juarez,0
chiapas,venustiano carranza,10
chiapas,villa comaltitlan,2
chiapas,villa corzo,10
chiapas,villaflores,4
chiapas,yajalon,42
chiapas,zinacantan,2
chihuahua,ahumada,32
chihuahua,aldama,13
chihuahua,allende,28
chihuahua,aquiles serdan,19
chihuahua,ascension,37
chihuahua,bachiniva,28
chihuahua,balleza,28
chihuahua,bocoyna,37
chihuahua,buenaventura,13
chihuahua,camargo,14
chihuahua,carichi,0
chihuahua,casas grandes,0
chihuahua,chihuahua,5
chihuahua,chinipas,0
chihuahua,coronado,0
chihuahua,cuauhtemoc,20
chihuahua,delicias,20
chihuahua,el tule,32
chihuahua,guachochi,42
chihuahua,guadalupe,0
chihuahua,guadalupe y calvo,2
chihuahua,guazapares,28
chihuahua,guerrero,21
chihuahua,gomez farias,32
chihuahua,hidalgo del parral,48
chihuahua,janos,28
chihuahua,jimenez,11
chihuahua,julimes,0
chihuahua,juarez,16
chihuahua,la cruz,28
chihuahua,lopez,28
chihuahua,madera,13
chihuahua,maguarichi,0
chihuahua,matachi,0
chihuahua,matamoros,0
chihuahua,meoqui,42
chihuahua,namiquipa,13
chihuahua,nuevo casas grandes,14
chihuahua,ocampo,0
chihuahua,ojinaga,37
chihuahua,praxedis g. guerrero,28
chihuahua,rosales,0
chihuahua,san francisco del oro,28
chihuahua,santa barbara,28
chihuahua,santa isabel,28
chihuahua,satevo,0
chihuahua,saucillo,13
chihuahua,valle de zaragoza,32
ciudad de mexico,azcapotzalco,45
ciudad de mexico,benito juarez,24
ciudad de mexico,coyoacan,1
ciudad de mexico,cuajimalpa de morelos,11
ciudad de mexico,cuauhtemoc,15
ciudad de mexico,gustavo a. madero,18
ciudad de mexico,iztacalco,36
ciudad de mexico,iztapalapa,3
ciudad de mexico,la magdalena contreras,22
ciudad de mexico,miguel hidalgo,24
ciudad de mexico,milpa alta,10
ciudad de mexico,tlalpan,46
ciudad de mexico,tlahuac,36
ciudad de mexico,venustiano carranza,8
ciudad de mexico,xochimilco,36
ciudad de mexico,alvaro obregon,27
coahuila de zaragoza,abasolo,0
coahuila de zaragoza,acuna,14
coahuila de zaragoza,allende,37
coahuila de zaragoza,arteaga,37
coahuila de zaragoza,castanos,13
coahuila de zaragoza,cuatro cienegas,32
coahuila de zaragoza,francisco i. madero,42
coahuila de zaragoza,frontera,35
coahuila de zaragoza,general cepeda,0
coahuila de zaragoza,hidalgo,0
coahuila de zaragoza,jimenez,0
coahuila de zaragoza,juarez,0
coahuila de zaragoza,lamadrid,28
coahuila de zaragoza,matamoros,35
coahuila de zaragoza,monclova,6
coahuila de zaragoza,morelos,32
coahuila de zaragoza,muzquiz,14
coahuila de zaragoza,nadadores,0
coahuila de zaragoza,nava,37
coahuila de zaragoza,ocampo,0
coahuila de zaragoza,parras,37
coahuila de zaragoza,piedras negras,20
coahuila de zaragoza,ramos arizpe,35
coahuila de zaragoza,sabinas,14
coahuila de zaragoza,saltillo,27
coahuila de zaragoza,san buenaventura,13
coahuila de zaragoza,san juan de sabinas,26
coahuila de zaragoza,san pedro,35
coahuila de zaragoza,sierra mojada,28
coahuila de zaragoza,torreon,1
coahuila de zaragoza,viesca,0
coahuila de zaragoza,villa union,28
coahuila de zaragoza,zaragoza,28
colima,armeria,19
colima,colima,6
colima,comala,19
colima,cuauhtemoc,13
colima,ixtlahuacan,0
colima,manzanillo,20
colima,minatitlan,28
colima,tecoman,4
colima,villa de alvarez,10
durango,canatlan,19
durango,cuencame,19
durango,durango,46
durango,el oro,28
durango,general simon bolivar,0
durango,guadalupe victoria,37
durango,guanacevi,28
durango,gomez palacio,17
durango,lerdo,10
durango,mapimi,19
durango,mezquital,2
durango,nazas,0
durango,nombre de dios,19
durango,nuevo ideal,13
durango,ocampo,0
durango,otaez,0
durango,penon blanco,28
durango,poanas,19
durango,pueblo nuevo,42
durango,panuco de coronado,28
durango,rodeo,28
durango,san dimas,0
durango,san juan de guadalupe,0
durango,san juan del rio,28
durango,santa clara,0
durango,santiago papasquiaro,42
durango,suchil,28
durango,tamazula,2
durango,tepehuanes,28
durango,tlahualilo,19
durango,topia,0
durango,vicente guerrero,37
guanajuato,abasolo,35
guanajuato,acambaro,4
guanajuato,apaseo el alto,10
guanajuato,apaseo el grande,35
guanajuato,celaya,38
guanajuato,comonfort,10
guanajuato,coroneo,28
guanajuato,cortazar,4
guanajuato,cueramaro,42
guanajuato,doctor mora,19
guanajuato,dolores hidalgo cuna de la independencia nacional,10
guanajuato,guanajuato,43
guanajuato,huanimaro,19
guanajuato,irapuato,38
guanajuato,jaral del progreso,42
guanajuato,jerecuaro,21
guanajuato,leon,31
guanajuato,manuel doblado,21
guanajuato,moroleon,4
guanajuato,ocampo,19
guanajuato,pueblo nuevo,28
guanajuato,purisima del rincon,10
guanajuato,penjamo,10
guanajuato,romita,21
guanajuato,salamanca,22
guanajuato,salvatierra,4
guanajuato,san diego de la union,2
guanajuato,san felipe,35
guanajuato,san francisco del rincon,4
guanajuato,san jose iturbide,48
guanajuato,san luis de la paz,4
guanajuato,san miguel de allende,43
guanajuato,santa catarina,28
guanajuato,santa cruz de juventino rosas,10
guanajuato,santiago maravatio,28
guanajuato,silao de la victoria,43
guanajuato,tarandacuao,28
guanajuato,tarimoro,21
guanajuato,tierra blanca,0
guanajuato,uriangato,14
guanajuato,valle de santiago,10
guanajuato,victoria,2
guanajuato,villagran,10
guanajuato,xichu,0
guanajuato,yuriria,10
guerrero,acapulco de juarez,46
guerrero,acatepec,2
guerrero,ahuacuotzingo,2
guerrero,ajuchitlan del progreso,2
guerrero,alcozauca de guerrero,0
guerrero,alpoyeca,0
guerrero,apaxtla,28
guerrero,arcelia,42
guerrero,atenango del rio,0
guerrero,atlixtac,2
guerrero,atoyac de alvarez,10
guerrero,ayutla de los libres,21
guerrero,azoyu,0
guerrero,benito juarez,19
guerrero,buenavista de cuellar,0
guerrero,chilapa de alvarez,21
guerrero,chilpancingo de los bravo,6
guerrero,coahuayutla de jose maria izazaga,0
guerrero,cocula,0
guerrero,copala,0
guerrero,copalillo,0
guerrero,copanatoyac,0
guerrero,coyuca de benitez,10
guerrero,coyuca de catalan,2
guerrero,cuajinicuilapa,13
guerrero,cualac,0
guerrero,cuautepec,0
guerrero,cuetzala del progreso,0
guerrero,cutzamala de pinzon,2
guerrero,eduardo neri,21
guerrero,florencio villarreal,13
guerrero,general canuto a. neri,0
guerrero,general heliodoro castillo,2
guerrero,huamuxtitlan,2
guerrero,huitzuco de los figueroa,42
guerrero,iguala de la independencia,43
guerrero,igualapa,28
guerrero,iliatenco,0
guerrero,ixcateopan de cuauhtemoc,0
guerrero,jose joaquin de herrera,0
guerrero,juan r. escudero,13
guerrero,juchitan,0
guerrero,la union de isidoro montes de oca,19
guerrero,leonardo bravo,2
guerrero,malinaltepec,2
guerrero,metlatonoc,0
guerrero,mochitlan,0
guerrero,martir de cuilapan,0
guerrero,ometepec,14
guerrero,pedro ascencio alquisiras,0
guerrero,petatlan,42
guerrero,pilcaya,0
guerrero,pungarabato,14
guerrero,quechultenango,2
guerrero,san luis acatlan,21
guerrero,san marcos,21
guerrero,san miguel totolapan,2
guerrero,taxco de alarcon,4
guerrero,teloloapan,42
guerrero,tepecoacuilco de trujano,2
guerrero,tetipac,0
guerrero,tixtla de guerrero,21
guerrero,tlacoachistlahuaca,13
guerrero,tlacoapa,0
guerrero,tlalchapa,0
guerrero,tlalixtaquilla de maldonado,0
guerrero,tlapa de comonfort,10
guerrero,tlapehuala,19
guerrero,tecpan de galeana,10
guerrero,xochihuehuetlan,0
guerrero,xochistlahuaca,2
guerrero,zapotitlan tablas,0
guerrero,zihuatanejo de azueta,4
guerrero,zirandaro,0
hidalgo,acatlan,2
hidalgo,acaxochitlan,2
hidalgo,actopan,14
hidalgo,agua blanca de iturbide,0
hidalgo,ajacuba,19
hidalgo,alfajayucan,19
hidalgo,almoloya,0
hidalgo,apan,42
hidalgo,atitalaquia,13
hidalgo,atlapexco,0
hidalgo,atotonilco de tula,21
hidalgo,atotonilco el grande,19
hidalgo,calnali,2
hidalgo,cardonal,0
hidalgo,chapantongo,0
hidalgo,chapulhuacan,2
hidalgo,chilcuautla,0
hidalgo,cuautepec de hinojosa,21
hidalgo,el arenal,28
hidalgo,emiliano zapata,19
hidalgo,epazoyucan,28
hidalgo,francisco i. madero,21
hidalgo,huasca de ocampo,0
hidalgo,huautla,0
hidalgo,huehuetla,2
hidalgo,huejutla de reyes,4
hidalgo,huichapan,42
hidalgo,ixmiquilpan,4
hidalgo,jacala de ledezma,28
hidalgo,jaltocan,0
hidalgo,metepec,28
hidalgo,metztitlan,19
hidalgo,mineral de la reforma,43
hidalgo,mineral del monte,19
hidalgo,mixquiahuala de juarez,21
hidalgo,molango de escamilla,0
hidalgo,nopala de villagran,0
hidalgo,omitlan de juarez,0
hidalgo,pachuca de soto,34
hidalgo,pisaflores,0
hidalgo,progreso de obregon,37
hidalgo,san agustin metzquititlan,0
hidalgo,san agustin tlaxiaca,19
hidalgo,san bartolo tutotepec,0
hidalgo,san felipe orizatlan,2
hidalgo,san salvador,2
hidalgo,santiago tulantepec de lugo guerrero,21
hidalgo,santiago de anaya,0
hidalgo,singuilucan,28
hidalgo,tasquillo,19
hidalgo,tenango de doria,0
hidalgo,tepeapulco,14
hidalgo,tepehuacan de guerrero,2
hidalgo,tepeji del rio de ocampo,10
hidalgo,tepetitlan,0
hidalgo,tetepango,0
hidalgo,tezontepec de aldama,10
hidalgo,tianguistengo,0
hidalgo,tizayuca,10
hidalgo,tlahuelilpan,19
hidalgo,tlanalapa,0
hidalgo,tlanchinol,2
hidalgo,tlaxcoapan,42
hidalgo,tolcayuca,19
hidalgo,tula de allende,48
hidalgo,tulancingo de bravo,6
hidalgo,villa de tezontepec,28
hidalgo,xochiatipan,0
hidalgo,xochicoatlan,0
hidalgo,yahualica,2
hidalgo,zacualtipan de angeles,42
hidalgo,zapotlan de juarez,19
hidalgo,zempoala,21
hidalgo,zimapan,42
jalisco,acatic,13
jalisco,acatlan de juarez,19
jalisco,ahualulco de mercado,13
jalisco,amacueca,0
jalisco,amatitan,13
jalisco,ameca,14
jalisco,arandas,4
jalisco,atemajac de brizuela,0
jalisco,atengo,0
jalisco,atenguillo,28
jalisco,atotonilco el alto,10
jalisco,atoyac,28
jalisco,autlan de navarro,14
jalisco,ayotlan,21
jalisco,ayutla,28
jalisco,bolanos,0
jalisco,cabo corrientes,28
jalisco,casimiro castillo,19
jalisco,canadas de obregon,32
jalisco,chapala,14
jalisco,chiquilistlan,28
jalisco,cihuatlan,37
jalisco,cocula,13
jalisco,colotlan,13
jalisco,concepcion de buenos aires,28
jalisco,cuautitlan de garcia barragan,0
jalisco,cuautla,0
jalisco,degollado,13
jalisco,el arenal,19
jalisco,ejutla,0
jalisco,el grullo,37
jalisco,el limon,0
jalisco,el salto,10
jalisco,encarnacion de diaz,42
jalisco,etzatlan,13
jalisco,guachinango,0
jalisco,guadalajara,12
jalisco,gomez farias,19
jalisco,hostotipaquillo,0
jalisco,huejuquilla el alto,28
jalisco,huejucar,28
jalisco,ixtlahuacan de los membrillos,21
jalisco,ixtlahuacan del rio,13
jalisco,jalostotitlan,42
jalisco,jamay,19
jalisco,jesus maria,13
jalisco,jilotlan de los dolores,0
jalisco,jocotepec,42
jalisco,juanacatlan,2
jalisco,juchitlan,28
jalisco,la barca,10
jalisco,la huerta,13
jalisco,la manzanilla de la paz,0
jalisco,lagos de moreno,43
jalisco,magdalena,37
jalisco,mascota,13
jalisco,mazamitla,13
jalisco,mexticacan,0
jalisco,mezquitic,0
jalisco,mixtlan,0
jalisco,ocotlan,4
jalisco,ojuelos de jalisco,19
jalisco,poncitlan,42
jalisco,puerto vallarta,34
jalisco,quitupan,0
jalisco,san cristobal de la barranca,0
jalisco,san diego de alejandria,28
jalisco,san gabriel,0
jalisco,san juan de los lagos,14
jalisco,san juanito de escobedo,0
jalisco,san julian,13
jalisco,san marcos,0
jalisco,san martin hidalgo,19
jalisco,san martin de bolanos,0
jalisco,san miguel el alto,42
jalisco,san pedro tlaquepaque,25
jalisco,sayula,42
jalisco,tala,35
jalisco,talpa de allende,13
jalisco,tamazula de gordiano,37
jalisco,tapalpa,19
jalisco,tecalitlan,19
jalisco,techaluta de montenegro,0
jalisco,tecolotlan,13
jalisco,tenamaxtlan,28
jalisco,teocaltiche,42
jalisco,teocuitatlan de corona,28
jalisco,tepatitlan de morelos,20
jalisco,tequila,37
jalisco,teuchitlan,28
jalisco,tizapan el alto,13
jalisco,tlajomulco de zuniga,25
jalisco,toliman,0
jalisco,tomatlan,42
jalisco,tonala,9
jalisco,tonaya,28
jalisco,tonila,28
jalisco,totatiche,0
jalisco,tototlan,19
jalisco,tuxcacuesco,0
jalisco,tuxcueca,28
jalisco,tuxpan,37
jalisco,union de san antonio,19
jalisco,union de tula,13
jalisco,valle de guadalupe,28
jalisco,valle de juarez,28
jalisco,villa corona,19
jalisco,villa guerrero,28
jalisco,villa hidalgo,37
jalisco,yahualica de gonzalez gallo,13
jalisco,zacoalco de torres,13
jalisco,zapopan,39
jalisco,zapotiltic,42
jalisco,zapotitlan de vadillo,0
jalisco,zapotlanejo,14
jalisco,zapotlan del rey,2
jalisco,zapotlan el grande,48
michoacan de ocampo,acuitzio,0
michoacan de ocampo,aguililla,19
michoacan de ocampo,angamacutiro,19
michoacan de ocampo,angangueo,0
michoacan de ocampo,apatzingan,4
michoacan de ocampo,aporo,0
michoacan de ocampo,aquila,0
michoacan de ocampo,ario,37
michoacan de ocampo,arteaga,19
michoacan de ocampo,brisenas,0
michoacan de ocampo,buenavista,42
michoacan de ocampo,caracuaro,28
michoacan de ocampo,charapan,0
michoacan de ocampo,charo,2
michoacan de ocampo,chavinda,28
michoacan de ocampo,cheran,19
michoacan de ocampo,chilchota,21
michoacan de ocampo,chinicuila,0
michoacan de ocampo,chucandiro,0
michoacan de ocampo,churintzio,0
michoacan de ocampo,churumuco,0
michoacan de ocampo,coahuayana,19
michoacan de ocampo,coalcoman de vazquez pallares,13
michoacan de ocampo,coeneo,2
michoacan de ocampo,cojumatlan de regules,28
michoacan de ocampo,contepec,2
michoacan de ocampo,copandaro,0
michoacan de ocampo,cotija,19
michoacan de ocampo,cuitzeo,42
michoacan de ocampo,ecuandureo,28
michoacan de ocampo,epitacio huerta,0
michoacan de ocampo,erongaricuaro,0
michoacan de ocampo,gabriel zamora,13
michoacan de ocampo,hidalgo,4
michoacan de ocampo,huandacareo,28
michoacan de ocampo,huaniqueo,0
michoacan de ocampo,huetamo,42
michoacan de ocampo,huiramba,0
michoacan de ocampo,indaparapeo,19
michoacan de ocampo,irimbo,19
michoacan de ocampo,ixtlan,0
michoacan de ocampo,jacona,14
michoacan de ocampo,jiquilpan,37
michoacan de ocampo,jose sixto verduzco,19
michoacan de ocampo,jungapeo,2
michoacan de ocampo,juarez,0
michoacan de ocampo,la huacana,19
michoacan de ocampo,la piedad,20
michoacan de ocampo,lagunillas,28
michoacan de ocampo,los reyes,10
michoacan de ocampo,lazaro cardenas,43
michoacan de ocampo,madero,19
michoacan de ocampo,maravatio,10
michoacan de ocampo,marcos castellanos,19
michoacan de ocampo,morelia,40
michoacan de ocampo,morelos,0
michoacan de ocampo,mugica,42
michoacan de ocampo,nocupetaro,0
michoacan de ocampo,nuevo parangaricutiro,19
michoacan de ocampo,nuevo urecho,0
michoacan de ocampo,numaran,28
michoacan de ocampo,ocampo,2
michoacan de ocampo,pajacuaran,19
michoacan de ocampo,paracho,21
michoacan de ocampo,paracuaro,19
michoacan de ocampo,penjamillo,19
michoacan de ocampo,periban,13
michoacan de ocampo,puruandiro,10
michoacan de ocampo,purepero,13
michoacan de ocampo,patzcuaro,4
michoacan de ocampo,querendaro,28
michoacan de ocampo,quiroga,42
michoacan de ocampo,sahuayo,48
michoacan de ocampo,salvador escalante,21
michoacan de ocampo,san lucas,19
michoacan de ocampo,santa ana maya,0
michoacan de ocampo,senguio,2
michoacan de ocampo,susupuato,0
michoacan de ocampo,tacambaro,10
michoacan de ocampo,tancitaro,13
michoacan de ocampo,tangamandapio,19
michoacan de ocampo,tangancicuaro,42
michoacan de ocampo,tanhuato,13
michoacan de ocampo,taretan,2
michoacan de ocampo,tarimbaro,35
michoacan de ocampo,tepalcatepec,13
michoacan de ocampo,tingambato,19
michoacan de ocampo,tinguindin,0
michoacan de ocampo,tlalpujahua,2
michoacan de ocampo,tlazazalca,28
michoacan de ocampo,tocumbo,32
michoacan de ocampo,tumbiscatio,0
michoacan de ocampo,turicato,19
michoacan de ocampo,tuxpan,19
michoacan de ocampo,tuzantla,0
michoacan de ocampo,tzintzuntzan,0
michoacan de ocampo,tzitzio,0
michoacan de ocampo,uruapan,36
michoacan de ocampo,venustiano carranza,19
michoacan de ocampo,villamar,2
michoacan de ocampo,vista hermosa,19
michoacan de ocampo,yurecuaro,37
michoacan de ocampo,zacapu,4
michoacan de ocampo,zamora,6
michoacan de ocampo,zinapecuaro,42
michoacan de ocampo,zinaparo,0
michoacan de ocampo,ziracuaretiro,19
michoacan de ocampo,zitacuaro,43
michoacan de ocampo,alvaro obregon,19
morelos,amacuzac,19
morelos,atlatlahucan,13
morelos,axochiapan,42
morelos,ayala,35
morelos,coatlan del rio,0
morelos,cuautla,6
morelos,cuernavaca,8
morelos,emiliano zapata,35
morelos,huitzilac,37
morelos,jantetelco,13
morelos,jiutepec,43
morelos,jojutla,14
morelos,jonacatepec de leandro valle,2
morelos,miacatlan,19
morelos,ocuituco,2
morelos,puente de ixtla,42
morelos,temixco,4
morelos,temoac,19
morelos,tepalcingo,19
morelos,tepoztlan,21
morelos,tetela del volcan,19
morelos,tlalnepantla,0
morelos,tlaltizapan de zapata,21
morelos,tlaquiltenango,19
morelos,tlayacapan,13
morelos,totolapan,0
morelos,xochitepec,10
morelos,yautepec,4
morelos,yecapixtla,21
morelos,zacatepec,42
morelos,zacualpan de amilpas,0
mexico,acambay de ruiz castaneda,21
mexico,acolman,10
mexico,aculco,21
mexico,almoloya de alquisiras,28
mexico,almoloya de juarez,10
mexico,almoloya del rio,0
mexico,amanalco,2
mexico,amatepec,19
mexico,amecameca,14
mexico,apaxco,42
mexico,atenco,10
mexico,atizapan,28
mexico,atizapan de zaragoza,9
mexico,atlacomulco,48
mexico,atlautla,2
mexico,axapusco,19
mexico,ayapango,0
mexico,calimaya,21
mexico,capulhuac,21
mexico,chalco,36
mexico,chapa de mota,2
mexico,chapultepec,0
mexico,chiautla,19
mexico,chicoloapan,43
mexico,chiconcuac,37
mexico,chimalhuacan,9
mexico,coacalco de berriozabal,6
mexico,coatepec harinas,19
mexico,cocotitlan,28
mexico,coyotepec,21
mexico,cuautitlan,43
mexico,cuautitlan izcalli,45
mexico,donato guerra,2
mexico,ecatepec de morelos,3
mexico,ecatzingo,0
mexico,el oro,19
mexico,huehuetoca,10
mexico,hueypoxtla,21
mexico,huixquilucan,6
mexico,isidro fabela,0
mexico,ixtapaluca,9
mexico,ixtapan de la sal,42
mexico,ixtapan del oro,0
mexico,ixtlahuaca,10
mexico,jaltenco,19
mexico,jilotepec,10
mexico,jilotzingo,2
mexico,jiquipilco,21
mexico,jocotitlan,10
mexico,joquicingo,0
mexico,juchitepec,19
mexico,la paz,22
mexico,lerma,20
mexico,luvianos,2
mexico,malinalco,19
mexico,melchor ocampo,42
mexico,metepec,34
mexico,mexicaltzingo,13
mexico,morelos,2
mexico,naucalpan de juarez,27
mexico,nextlalpan,21
mexico,nezahualcoyotl,18
mexico,nicolas romero,36
mexico,nopaltepec,0
mexico,ocoyoacac,10
mexico,ocuilan,2
mexico,otumba,42
mexico,otzoloapan,0
mexico,otzolotepec,10
mexico,ozumba,13
mexico,papalotla,0
mexico,polotitlan,28
mexico,rayon,2
mexico,san antonio la isla,19
mexico,san felipe del progreso,35
mexico,san jose del rincon,21
mexico,san martin de las piramides,13
mexico,san mateo atenco,4
mexico,san simon de guerrero,0
mexico,santo tomas,0
mexico,soyaniquilpan de juarez,0
mexico,sultepec,2
mexico,tecamac,9
mexico,tejupilco,10
mexico,temamatla,0
mexico,temascalapa,21
mexico,temascalcingo,21
mexico,temascaltepec,2
mexico,temoaya,35
mexico,tenancingo,4
mexico,tenango del aire,28
mexico,tenango del valle,10
mexico,teoloyucan,14
mexico,teotihuacan,10
mexico,tepetlaoxtoc,2
mexico,tepetlixpa,19
mexico,tepotzotlan,48
mexico,tequixquiac,42
mexico,texcaltitlan,19
mexico,texcalyacac,0
mexico,texcoco,6
mexico,tezoyuca,21
mexico,tianguistenco,14
mexico,timilpan,0
mexico,tlalmanalco,21
mexico,tlalnepantla de baz,1
mexico,tlatlaya,2
mexico,toluca,18
mexico,tonanitla,0
mexico,tonatico,28
mexico,tultepec,10
mexico,tultitlan,9
mexico,valle de bravo,14
mexico,valle de chalco solidaridad,36
mexico,villa guerrero,21
mexico,villa victoria,2
mexico,villa de allende,2
mexico,villa del carbon,21
mexico,xalatlaco,19
mexico,xonacatlan,10
mexico,zacazonapan,0
mexico,zacualpan,0
mexico,zinacantepec,10
mexico,zumpahuacan,0
mexico,zumpango,22
nayarit,acaponeta,26
nayarit,ahuacatlan,19
nayarit,amatlan de canas,0
nayarit,bahia de banderas,20
nayarit,compostela,4
nayarit,huajicori,0
nayarit,ixtlan del rio,37
nayarit,rosamorada,2
nayarit,ruiz,13
nayarit,san blas,42
nayarit,san pedro lagunillas,0
nayarit,santa maria del oro,2
nayarit,santiago ixcuintla,35
nayarit,tecuala,42
nayarit,tepic,38
nayarit,tuxpan,42
nayarit,xalisco,10
nuevo leon,agualeguas,28
nuevo leon,allende,26
nuevo leon,anahuac,13
nuevo leon,apodaca,25
nuevo leon,aramberri,0
nuevo leon,cadereyta jimenez,35
nuevo leon,cerralvo,28
nuevo leon,china,32
nuevo leon,cienega de flores,42
nuevo leon,doctor arroyo,19
nuevo leon,el carmen,2
nuevo leon,galeana,13
nuevo leon,garcia,22
nuevo leon,general bravo,32
nuevo leon,general escobedo,17
nuevo leon,general teran,28
nuevo leon,general trevino,28
nuevo leon,general zuazua,35
nuevo leon,guadalupe,25
nuevo leon,hidalgo,13
nuevo leon,hualahuises,28
nuevo leon,juarez,22
nuevo leon,lampazos de naranjo,28
nuevo leon,linares,37
nuevo leon,los herreras,0
nuevo leon,los ramones,28
nuevo leon,marin,28
nuevo leon,mina,28
nuevo leon,montemorelos,14
nuevo leon,monterrey,23
nuevo leon,pesqueria,35
nuevo leon,sabinas hidalgo,37
nuevo leon,salinas victoria,35
nuevo leon,san nicolas de los garza,45
nuevo leon,san pedro garza garcia,30
nuevo leon,santa catarina,6
nuevo leon,santiago,26
nuevo leon,villaldama,28
oaxaca,acatlan de perez figueroa,21
oaxaca,asuncion cacalotepec,0
oaxaca,asuncion cuyotepeji,0
oaxaca,asuncion ixtaltepec,19
oaxaca,asuncion nochixtlan,37
oaxaca,asuncion ocotlan,0
oaxaca,asuncion tlacolulita,0
oaxaca,ayoquezco de aldama,28
oaxaca,ayotzintepec,0
oaxaca,candelaria loxicha,0
oaxaca,capulalpam de mendez,28
oaxaca,chahuites,28
oaxaca,chalcatongo de hidalgo,28
oaxaca,ciudad ixtepec,37
oaxaca,cienega de zimatlan,0
oaxaca,coatecas altas,0
oaxaca,coicoyan de las flores,0
oaxaca,cosolapa,28
oaxaca,cosoltepec,0
oaxaca,cuilapam de guerrero,2
oaxaca,cuyamecalco villa de zaragoza,0
oaxaca,el barrio de la soledad,28
oaxaca,el espinal,28
oaxaca,eloxochitlan de flores magon,0
oaxaca,guadalupe etla,33
oaxaca,guadalupe de ramirez,0
oaxaca,guevea de humboldt,0
oaxaca,heroica ciudad de ejutla de crespo,19
oaxaca,heroica ciudad de huajuapan de leon,48
oaxaca,heroica ciudad de tlaxiaco,42
oaxaca,"heroica villa tezoatlan de segura y luna, cuna de la independencia de oaxaca",0
oaxaca,huautla de jimenez,19
oaxaca,ixtlan de juarez,28
oaxaca,la pe,0
oaxaca,la reforma,0
oaxaca,loma bonita,42
oaxaca,magdalena apasco,0
oaxaca,magdalena jaltepec,0
oaxaca,magdalena teitipac,0
oaxaca,magdalena tequisistlan,0
oaxaca,magdalena yodocono de porfirio diaz,0
oaxaca,mariscala de juarez,28
oaxaca,matias romero avendano,37
oaxaca,mazatlan villa de flores,0
oaxaca,mesones hidalgo,0
oaxaca,miahuatlan de porfirio diaz,42
oaxaca,natividad,28
oaxaca,nazareno etla,0
oaxaca,nejapa de madero,0
oaxaca,oaxaca de juarez,8
oaxaca,ocotlan de morelos,13
oaxaca,pinotepa de don luis,0
oaxaca,pluma hidalgo,0
oaxaca,putla villa de guerrero,42
oaxaca,reforma de pineda,0
oaxaca,reyes etla,0
oaxaca,rojas de cuauhtemoc,0
oaxaca,salina cruz,48
oaxaca,san agustin amatengo,0
oaxaca,san agustin chayuco,0
oaxaca,san agustin etla,0
oaxaca,san agustin yatareni,28
oaxaca,san agustin de las juntas,28
oaxaca,san andres cabecera nueva,0
oaxaca,san andres huaxpaltepec,28
oaxaca,san andres huayapam,0
oaxaca,san andres solaga,0
oaxaca,san andres zautla,0
oaxaca,san antonino castillo velasco,32
oaxaca,san antonino el alto,0
oaxaca,san antonio tepetlapa,0
oaxaca,san antonio de la cal,13
oaxaca,san baltazar chichicapam,0
oaxaca,san baltazar loxicha,28
oaxaca,san bartolome loxicha,0
oaxaca,san bernardo mixtepec,0
oaxaca,san cristobal amatlan,0
oaxaca,san cristobal lachirioag,0
oaxaca,san dionisio ocotepec,0
oaxaca,san dionisio ocotlan,0
oaxaca,san dionisio del mar,0
oaxaca,san felipe jalapa de diaz,2
oaxaca,san felipe tejalapam,0
oaxaca,san felipe usila,0
oaxaca,san francisco ixhuatan,28
oaxaca,san francisco lachigolo,28
oaxaca,san francisco sola,0
oaxaca,san francisco telixtlahuaca,0
oaxaca,san francisco del mar,0
oaxaca,san gabriel mixtepec,0
oaxaca,san ildefonso villa alta,0
oaxaca,san jacinto amilpas,37
oaxaca,san jacinto tlacotepec,0
oaxaca,san jeronimo silacayoapilla,0
oaxaca,san jeronimo tlacochahuaya,0
oaxaca,san jose ayuquila,0
oaxaca,san jose chiltepec,0
oaxaca,san jose lachiguiri,0
oaxaca,san jose tenango,0
oaxaca,san juan bautista coixtlahuaca,28
oaxaca,san juan bautista cuicatlan,28
oaxaca,san juan bautista lo de soto,0
oaxaca,san juan bautista tuxtepec,43
oaxaca,san juan bautista valle nacional,2
oaxaca,san juan cacahuatepec,0
oaxaca,san juan chilateca,0
oaxaca,san juan colorado,0
oaxaca,san juan cotzocon,19
oaxaca,san juan guelavia,0
oaxaca,san juan juquila mixes,0
oaxaca,san juan lachao,0
oaxaca,san juan mixtepec,0
oaxaca,san juan mixtepec,0
oaxaca,san juan quiahije,0
oaxaca,san juan quiotepec,0
oaxaca,san juan tabaa,0
oaxaca,san juan teitipac,0
oaxaca,san juan del estado,0
oaxaca,san juan del rio,0
oaxaca,san lorenzo,0
oaxaca,san lorenzo cacaotepec,19
oaxaca,san lucas ojitlan,0
oaxaca,san lucas quiavini,0
oaxaca,san marcos arteaga,0
oaxaca,san martin itunyoso,0
oaxaca,san martin peras,0
oaxaca,san martin toxpalan,28
oaxaca,san mateo cajonos,0
oaxaca,san mateo pinas,0
oaxaca,san mateo yoloxochitlan,0
oaxaca,san mateo del mar,0
oaxaca,san miguel chimalapa,0
oaxaca,san miguel ejutla,32
oaxaca,san miguel panixtlahuaca,0
oaxaca,san miguel peras,0
oaxaca,san miguel quetzaltepec,0
oaxaca,san miguel soyaltepec,2
oaxaca,san miguel suchixtepec,0
oaxaca,san miguel tlacamama,0
oaxaca,san miguel tlacotepec,0
oaxaca,san miguel del puerto,0
oaxaca,san miguel el grande,0
oaxaca,san nicolas,0
oaxaca,san nicolas hidalgo,28
oaxaca,san pablo coatlan,0
oaxaca,san pablo etla,28
oaxaca,san pablo huitzo,0
oaxaca,san pablo huixtepec,28
oaxaca,san pablo macuiltianguis,0
oaxaca,san pablo villa de mitla,13
oaxaca,san pablo yaganiza,0
oaxaca,san pedro amuzgos,0
oaxaca,san pedro apostol,28
oaxaca,san pedro cajonos,28
oaxaca,san pedro comitancillo,0
oaxaca,san pedro huamelula,0
oaxaca,san pedro huilotepec,0
oaxaca,san pedro ixtlahuaca,0
oaxaca,san pedro jicayan,0
oaxaca,san pedro juchatengo,32
oaxaca,san pedro mixtepec,14
oaxaca,san pedro mixtepec,21
oaxaca,san pedro martir,0
oaxaca,san pedro martir quiechapa,0
oaxaca,san pedro nopala,0
oaxaca,san pedro pochutla,42
oaxaca,san pedro quiatoni,0
oaxaca,san pedro tapanatepec,13
oaxaca,san pedro teutila,0
oaxaca,san pedro tidaa,0
oaxaca,san pedro totolapam,0
oaxaca,san pedro yolox,0
oaxaca,san pedro y san pablo ayutla,28
oaxaca,san pedro y san pablo teposcolula,0
oaxaca,san raymundo jalpan,0
oaxaca,san sebastian abasolo,0
oaxaca,san sebastian ixcapa,0
oaxaca,san sebastian rio hondo,0
oaxaca,san sebastian tecomaxtlahuaca,28
oaxaca,san sebastian teitipac,0
oaxaca,san sebastian tutla,13
oaxaca,san simon almolongas,0
oaxaca,santa ana,0
oaxaca,santa ana tlapacoyan,0
oaxaca,santa ana zegache,0
oaxaca,santa ana del valle,0
oaxaca,santa catarina cuixtla,0
oaxaca,santa catarina ixtepeji,0
oaxaca,santa catarina juquila,19
oaxaca,santa catarina lachatao,0
oaxaca,santa catarina loxicha,0
oaxaca,santa catarina mechoacan,0
oaxaca,santa catarina minas,0
oaxaca,santa catarina quiane,0
oaxaca,santa catarina ticua,0
oaxaca,santa cruz amilpas,0
oaxaca,santa cruz itundujia,0
oaxaca,santa cruz mixtepec,0
oaxaca,santa cruz nundaco,0
oaxaca,santa cruz papalutla,0
oaxaca,santa cruz tacache de mina,28
oaxaca,santa cruz xoxocotlan,14
oaxaca,santa gertrudis,0
oaxaca,santa lucia monteverde,0
oaxaca,santa lucia ocotlan,0
oaxaca,santa lucia del camino,14
oaxaca,santa maria alotepec,0
oaxaca,santa maria atzompa,21
oaxaca,santa maria chilchotla,0
oaxaca,santa maria colotepec,19
oaxaca,santa maria cortijo,0
oaxaca,santa maria coyotepec,32
oaxaca,santa maria guelace,0
oaxaca,santa maria guienagati,0
oaxaca,santa maria huatulco,14
oaxaca,santa maria huazolotitlan,0
oaxaca,santa maria jacatepec,0
oaxaca,santa maria jalapa del marques,28
oaxaca,santa maria mixtequilla,0
oaxaca,santa maria petapa,0
oaxaca,santa maria sola,0
oaxaca,santa maria tecomavaca,0
oaxaca,santa maria tepantlali,0
oaxaca,santa maria tlahuitoltepec,0
oaxaca,santa maria tonameca,2
oaxaca,santa maria xadani,28
oaxaca,santa maria zacatepec,2
oaxaca,santa maria zoquitlan,0
oaxaca,santa maria la asuncion,0
oaxaca,santiago amoltepec,0
oaxaca,santiago apostol,0
oaxaca,santiago astata,28
oaxaca,santiago ayuquililla,0
oaxaca,santiago cacaloxtepec,0
oaxaca,santiago huajolotitlan,0
oaxaca,santiago ixtayutla,0
oaxaca,santiago jamiltepec,19
oaxaca,santiago juxtlahuaca,19
oaxaca,santiago lachiguiri,0
oaxaca,santiago laollaga,28
oaxaca,santiago llano grande,0
oaxaca,santiago matatlan,28
oaxaca,santiago niltepec,0
oaxaca,santiago pinotepa nacional,14
oaxaca,santiago suchilquitongo,0
oaxaca,santiago tamazola,0
oaxaca,santiago tetepec,0
oaxaca,santiago xanica,0
oaxaca,santiago xiacui,0
oaxaca,santiago yolomecatl,28
oaxaca,santiago yosondua,0
oaxaca,santiago zacatepec,0
oaxaca,santo domingo armenta,0
oaxaca,santo domingo chihuitan,32
oaxaca,santo domingo ingenio,28
oaxaca,santo domingo petapa,0
oaxaca,santo domingo tehuantepec,10
oaxaca,santo domingo teojomulco,0
oaxaca,santo domingo tepuxtepec,0
oaxaca,santo domingo tomaltepec,0
oaxaca,santo domingo tonala,0
oaxaca,santo domingo yanhuitlan,32
oaxaca,santo domingo zanatepec,0
oaxaca,santo domingo de morelos,0
oaxaca,santo tomas mazaltepec,0
oaxaca,santo tomas tamazulapan,32
oaxaca,santos reyes nopala,28
oaxaca,silacayoapam,0
oaxaca,soledad etla,0
oaxaca,tamazulapam del espiritu santo,0
oaxaca,tanetze de zaragoza,0
oaxaca,taniche,0
oaxaca,tataltepec de valdes,0
oaxaca,teotitlan de flores magon,28
oaxaca,teotitlan del valle,0
oaxaca,tepelmeme villa de morelos,28
oaxaca,tlacolula de matamoros,42
oaxaca,tlalixtac de cabrera,28
oaxaca,totontepec villa de morelos,0
oaxaca,trinidad zaachila,0
oaxaca,union hidalgo,19
oaxaca,villa diaz ordaz,0
oaxaca,villa hidalgo,0
oaxaca,villa sola de vega,0
oaxaca,villa talea de castro,0
oaxaca,villa tejupam de la union,28
oaxaca,villa de etla,28
oaxaca,villa de tamazulapam del progreso,28
oaxaca,villa de tututepec,21
oaxaca,villa de zaachila,21
oaxaca,yaxe,0
oaxaca,zapotitlan lagunas,0
oaxaca,zimatlan de alvarez,13
oaxaca,animas trujano,28
puebla,acajete,10
puebla,acateno,0
puebla,acatlan,42
puebla,acatzingo,10
puebla,acteopan,0
puebla,ahuacatlan,0
puebla,ahuazotepec,28
puebla,ajalpan,21
puebla,albino zertuche,0
puebla,aljojuca,0
puebla,altepexi,19
puebla,amixtlan,0
puebla,amozoc,4
puebla,aquixtla,0
puebla,atempan,19
puebla,atexcal,0
puebla,atlequizayan,0
puebla,atlixco,43
puebla,atoyatempan,0
puebla,atzitzihuacan,0
puebla,atzitzintla,0
puebla,ayotoxco de guerrero,28
puebla,calpan,0
puebla,camocuautla,0
puebla,caxhuacan,0
puebla,canada morelos,2
puebla,chalchicomula de sesma,42
puebla,chapulco,28
puebla,chiautzingo,2
puebla,chichiquila,0
puebla,chiconcuautla,0
puebla,chietla,21
puebla,chigmecatitlan,0
puebla,chignahuapan,10
puebla,chignautla,2
puebla,chila,0
puebla,chila de la sal,0
puebla,chilchotla,2
puebla,chinantla,0
puebla,coatzingo,0
puebla,coronango,26
puebla,coxcatlan,2
puebla,coyomeapan,0
puebla,cuapiaxtla de madero,32
puebla,cuautempan,0
puebla,cuautinchan,0
puebla,cuautlancingo,10
puebla,cuayuca de andrade,0
puebla,cuetzalan del progreso,21
puebla,cuyoaco,28
puebla,domingo arenas,0
puebla,epatlan,0
puebla,esperanza,0
puebla,francisco z. mena,0
puebla,general felipe angeles,2
puebla,guadalupe,0
puebla,guadalupe victoria,2
puebla,honey,0
puebla,huaquechula,2
puebla,huauchinango,4
puebla,huehuetla,0
puebla,huehuetlan el chico,28
puebla,huehuetlan el grande,0
puebla,huejotzingo,10
puebla,hueytamalco,2
puebla,hueytlalpan,0
puebla,huitzilan de serdan,0
puebla,huitziltepec,0
puebla,ixcamilpa de guerrero,0
puebla,ixcaquixtla,28
puebla,ixtepec,0
puebla,izucar de matamoros,4
puebla,jolalpan,0
puebla,jopala,0
puebla,juan c. bonilla,2
puebla,juan galindo,0
puebla,juan n. mendez,0
puebla,libres,42
puebla,los reyes de juarez,19
puebla,molcaxac,0
puebla,naupan,0
puebla,nauzontla,0
puebla,nealtican,19
puebla,nicolas bravo,0
puebla,nopalucan,2
puebla,ocoyucan,21
puebla,olintla,0
puebla,oriental,19
puebla,pahuatlan,2
puebla,palmar de bravo,21
puebla,pantepec,2
puebla,petlalcingo,0
puebla,piaxtla,28
puebla,puebla,47
puebla,quecholac,21
puebla,rafael lara grajales,13
puebla,san andres cholula,20
puebla,san felipe teotlalcingo,0
puebla,san gabriel chilac,2
puebla,san gregorio atzompa,28
puebla,san jeronimo xayacatlan,0
puebla,san jose chiapa,0
puebla,san jose miahuatlan,0
puebla,san juan atenco,28
puebla,san juan atzompa,0
puebla,san martin texmelucan,43
puebla,san matias tlalancaleca,2
puebla,san miguel xoxtla,28
puebla,san nicolas buenos aires,0
puebla,san nicolas de los ranchos,0
puebla,san pablo anicano,0
puebla,san pedro cholula,43
puebla,san pedro yeloixtlahuaca,0
puebla,san salvador huixcolotla,11
puebla,san salvador el seco,19
puebla,san salvador el verde,2
puebla,san sebastian tlacotepec,0
puebla,santa catarina tlaltempan,0
puebla,santa ines ahuatempan,0
puebla,santa isabel cholula,0
puebla,santiago miahuatlan,19
puebla,santo tomas hueyotlipan,0
puebla,soltepec,0
puebla,tecali de herrera,19
puebla,tecamachalco,10
puebla,tecomatlan,28
puebla,tehuacan,36
puebla,tehuitzingo,28
puebla,tenampulco,0
puebla,tepanco de lopez,19
puebla,tepango de rodriguez,0
puebla,tepatlaxco de hidalgo,2
puebla,tepeaca,4
puebla,tepeojuma,28
puebla,tepetzintla,0
puebla,tepexco,0
puebla,tepexi de rodriguez,2
puebla,tepeyahualco,0
puebla,tepeyahualco de cuauhtemoc,0
puebla,tetela de ocampo,19
puebla,teziutlan,48
puebla,tianguismanalco,0
puebla,tilapa,0
puebla,tlachichuca,2
puebla,tlacotepec de benito juarez,21
puebla,tlacuilotepec,0
puebla,tlahuapan,21
puebla,tlaltenango,0
puebla,tlanepantla,0
puebla,tlaola,0
puebla,tlapanala,0
puebla,tlatlauquitepec,21
puebla,tlaxco,0
puebla,tochimilco,2
puebla,tochtepec,2
puebla,totoltepec de guerrero,0
puebla,tulcingo,28
puebla,tuzamapan de galeana,0
puebla,venustiano carranza,42
puebla,vicente guerrero,2
puebla,xicotepec,10
puebla,xiutetelco,21
puebla,xochiltepec,0
puebla,xochitlan todos santos,0
puebla,xochitlan de vicente suarez,0
puebla,yaonahuac,0
puebla,yehualtepec,2
puebla,zacapala,0
puebla,zacapoaxtla,42
puebla,zacatlan,10
puebla,zapotitlan,0
puebla,zapotitlan de mendez,0
puebla,zaragoza,19
puebla,zautla,2
puebla,zihuateutla,0
puebla,zinacatepec,19
puebla,zongozotla,0
puebla,zoquitlan,2
queretaro,amealco de bonfil,21
queretaro,arroyo seco,0
queretaro,cadereyta de montes,21
queretaro,colon,21
queretaro,corregidora,43
queretaro,el marques,10
queretaro,ezequiel montes,37
queretaro,huimilpan,2
queretaro,jalpan de serra,13
queretaro,landa de matamoros,0
queretaro,pedro escobedo,10
queretaro,penamiller,0
queretaro,pinal de amoles,2
queretaro,queretaro,44
queretaro,san joaquin,0
queretaro,san juan del rio,6
queretaro,tequisquiapan,10
queretaro,toliman,2
quintana roo,benito juarez,27
quintana roo,cozumel,11
quintana roo,felipe carrillo puerto,10
quintana roo,isla mujeres,26
quintana roo,jose maria morelos,19
quintana roo,lazaro cardenas,19
quintana roo,othon p. blanco,6
quintana roo,solidaridad,34
san luis potosi,aquismon,2
san luis potosi,axtla de terrazas,19
san luis potosi,catorce,0
san luis potosi,cedral,19
san luis potosi,cerritos,13
san luis potosi,charcas,13
san luis potosi,ciudad fernandez,42
san luis potosi,ciudad valles,20
san luis potosi,ciudad del maiz,13
san luis potosi,cardenas,13
san luis potosi,ebano,42
san luis potosi,el naranjo,13
san luis potosi,guadalcazar,0
san luis potosi,matehuala,48
san luis potosi,matlapa,2
san luis potosi,mexquitic de carmona,21
san luis potosi,moctezuma,2
san luis potosi,rayon,0
san luis potosi,rioverde,4
san luis potosi,salinas,19
san luis potosi,san antonio,0
san luis potosi,san ciro de acosta,28
san luis potosi,san luis potosi,40
san luis potosi,san martin chalchicuautla,0
san luis potosi,san nicolas tolentino,0
san luis potosi,san vicente tancuayalab,0
san luis potosi,santa maria del rio,21
san luis potosi,santo domingo,0
san luis potosi,soledad de graciano sanchez,22
san luis potosi,tamasopo,2
san luis potosi,tamazunchale,35
san luis potosi,tampacan,0
san luis potosi,tampamolon corona,0
san luis potosi,tamuin,19
san luis potosi,tancanhuitz,0
san luis potosi,tanlajas,0
san luis potosi,tanquian de escobedo,28
san luis potosi,tierra nueva,0
san luis potosi,vanegas,0
san luis potosi,venado,28
san luis potosi,villa hidalgo,28
san luis potosi,villa juarez,0
san luis potosi,villa de arista,19
san luis potosi,villa de arriaga,28
san luis potosi,villa de ramos,21
san luis potosi,villa de reyes,21
san luis potosi,xilitla,2
san luis potosi,zaragoza,19
sinaloa,ahome,41
sinaloa,angostura,42
sinaloa,badiraguato,19
sinaloa,choix,19
sinaloa,concordia,13
sinaloa,cosala,0
sinaloa,culiacan,5
sinaloa,el fuerte,35
sinaloa,elota,42
sinaloa,escuinapa,14
sinaloa,guasave,22
sinaloa,mazatlan,38
sinaloa,mocorito,19
sinaloa,navolato,10
sinaloa,rosario,42
sinaloa,salvador alvarado,48
sinaloa,sinaloa,21
sonora,aconchi,32
sonora,agua prieta,48
sonora,alamos,37
sonora,altar,28
sonora,arizpe,28
sonora,bacadehuachi,0
sonora,bacoachi,28
sonora,banamichi,28
sonora,baviacora,32
sonora,benito juarez,13
sonora,benjamin hill,28
sonora,bacum,13
sonora,caborca,48
sonora,cajeme,41
sonora,cananea,26
sonora,carbo,28
sonora,cumpas,28
sonora,empalme,42
sonora,etchojoa,21
sonora,fronteras,28
sonora,general plutarco elias calles,32
sonora,granados,0
sonora,guaymas,48
sonora,hermosillo,49
sonora,huatabampo,10
sonora,imuris,32
sonora,magdalena,37
sonora,moctezuma,33
sonora,naco,28
sonora,nacozari de garcia,32
sonora,navojoa,48
sonora,nogales,22
sonora,nacori chico,0
sonora,opodepe,28
sonora,pitiquito,28
sonora,puerto penasco,14
sonora,rayon,28
sonora,rosario,28
sonora,sahuaripa,28
sonora,san ignacio rio muerto,28
sonora,san luis rio colorado,20
sonora,san miguel de horcasitas,28
sonora,santa ana,26
sonora,ures,28
sonora,yecora,28
tabasco,balancan,42
tabasco,centla,35
tabasco,centro,1
tabasco,comalcalco,43
tabasco,cunduacan,35
tabasco,cardenas,22
tabasco,emiliano zapata,26
tabasco,huimanguillo,10
tabasco,jalapa,19
tabasco,jalpa de mendez,35
tabasco,jonuta,19
tabasco,macuspana,10
tabasco,nacajuca,10
tabasco,paraiso,35
tabasco,tacotalpa,21
tabasco,teapa,37
tabasco,tenosique,14
tamaulipas,abasolo,32
tamaulipas,aldama,13
tamaulipas,altamira,22
tamaulipas,antiguo morelos,0
tamaulipas,bustamante,0
tamaulipas,camargo,13
tamaulipas,ciudad madero,43
tamaulipas,el mante,48
tamaulipas,gonzalez,42
tamaulipas,guerrero,28
tamaulipas,gustavo diaz ordaz,13
tamaulipas,gomez farias,0
tamaulipas,hidalgo,19
tamaulipas,jaumave,28
tamaulipas,jimenez,28
tamaulipas,llera,28
tamaulipas,matamoros,41
tamaulipas,mier,0
tamaulipas,miguel aleman,26
tamaulipas,nuevo laredo,17
tamaulipas,ocampo,28
tamaulipas,padilla,32
tamaulipas,reynosa,25
tamaulipas,rio bravo,48
tamaulipas,san fernando,42
tamaulipas,soto la marina,13
tamaulipas,tampico,34
tamaulipas,tula,19
tamaulipas,valle hermoso,14
tamaulipas,victoria,17
tamaulipas,villagran,0
tamaulipas,xicotencatl,13
tlaxcala,acuamanala de miguel hidalgo,28
tlaxcala,amaxac de guerrero,0
tlaxcala,apetatitlan de antonio carvajal,11
tlaxcala,apizaco,20
tlaxcala,atltzayanca,0
tlaxcala,benito juarez,0
tlaxcala,calpulalpan,14
tlaxcala,chiautempan,48
tlaxcala,contla de juan cuamatzi,21
tlaxcala,cuapiaxtla,28
tlaxcala,cuaxomulco,0
tlaxcala,el carmen tequexquitla,19
tlaxcala,emiliano zapata,0
tlaxcala,espanita,0
tlaxcala,huamantla,4
tlaxcala,hueyotlipan,19
tlaxcala,ixtacuixtla de mariano matamoros,21
tlaxcala,ixtenco,0
tlaxcala,la magdalena tlaltelulco,19
tlaxcala,lazaro cardenas,0
tlaxcala,mazatecochco de jose maria morelos,0
tlaxcala,munoz de domingo arenas,0
tlaxcala,nanacamilpa de mariano arista,19
tlaxcala,nativitas,2
tlaxcala,panotla,2
tlaxcala,papalotla de xicohtencatl,42
tlaxcala,san damian texoloc,0
tlaxcala,san francisco tetlanohcan,0
tlaxcala,san jeronimo zacualpan,0
tlaxcala,san jose teacalco,0
tlaxcala,san juan huactzinco,0
tlaxcala,san lorenzo axocomanitla,0
tlaxcala,san lucas tecopilco,0
tlaxcala,san pablo del monte,10
tlaxcala,sanctorum de lazaro cardenas,0
tlaxcala,santa ana nopalucan,0
tlaxcala,santa apolonia teacalco,0
tlaxcala,santa catarina ayometla,0
tlaxcala,santa cruz quilehtla,0
tlaxcala,santa cruz tlaxcala,2
tlaxcala,santa isabel xiloxoxtla,0
tlaxcala,tenancingo,0
tlaxcala,teolocholco,2
tlaxcala,tepetitla de lardizabal,2
tlaxcala,tepeyanco,0
tlaxcala,terrenate,0
tlaxcala,tetla de la solidaridad,42
tlaxcala,tetlatlahuca,0
tlaxcala,tlaxcala,48
tlaxcala,tlaxco,21
tlaxcala,tocatlan,0
tlaxcala,totolac,2
tlaxcala,tzompantepec,2
tlaxcala,xaloztoc,19
tlaxcala,xaltocan,0
tlaxcala,xicohtzinco,19
tlaxcala,yauhquemehcan,37
tlaxcala,zacatelco,10
tlaxcala,ziltlaltepec de trinidad sanchez santos,28
veracruz de ignacio de la llave,acajete,0
veracruz de ignacio de la llave,acatlan,0
veracruz de ignacio de la llave,acayucan,48
veracruz de ignacio de la llave,actopan,21
veracruz de ignacio de la llave,acultzingo,2
veracruz de ignacio de la llave,agua dulce,37
veracruz de ignacio de la llave,alpatlahuac,0
veracruz de ignacio de la llave,alto lucero de gutierrez barrios,2
veracruz de ignacio de la llave,altotonga,21
veracruz de ignacio de la llave,alvarado,42
veracruz de ignacio de la llave,amatitlan,0
veracruz de ignacio de la llave,angel r. cabada,19
veracruz de ignacio de la llave,aquila,0
veracruz de ignacio de la llave,atoyac,2
veracruz de ignacio de la llave,atzacan,2
veracruz de ignacio de la llave,atzalan,21
veracruz de ignacio de la llave,ayahualulco,2
veracruz de ignacio de la llave,banderilla,13
veracruz de ignacio de la llave,benito juarez,0
veracruz de ignacio de la llave,boca del rio,11
veracruz de ignacio de la llave,calcahualco,0
veracruz de ignacio de la llave,camaron de tejeda,0
veracruz de ignacio de la llave,camerino z. mendoza,42
veracruz de ignacio de la llave,carlos a. carrillo,19
veracruz de ignacio de la llave,carrillo puerto,0
veracruz de ignacio de la llave,castillo de teayo,0
veracruz de ignacio de la llave,catemaco,42
veracruz de ignacio de la llave,cazones de herrera,2
veracruz de ignacio de la llave,cerro azul,13
veracruz de ignacio de la llave,chacaltianguis,0
veracruz de ignacio de la llave,chalma,0
veracruz de ignacio de la llave,chiconamel,0
veracruz de ignacio de la llave,chiconquiaco,0
veracruz de ignacio de la llave,chicontepec,2
veracruz de ignacio de la llave,chinameca,2
veracruz de ignacio de la llave,chinampa de gorostiza,0
veracruz de ignacio de la llave,chocaman,2
veracruz de ignacio de la llave,chontla,0
veracruz de ignacio de la llave,chumatlan,0
veracruz de ignacio de la llave,citlaltepetl,0
veracruz de ignacio de la llave,coacoatzintla,0
veracruz de ignacio de la llave,coahuitlan,0
veracruz de ignacio de la llave,coatepec,4
veracruz de ignacio de la llave,coatzacoalcos,17
veracruz de ignacio de la llave,coatzintla,37
veracruz de ignacio de la llave,coetzala,0
veracruz de ignacio de la llave,colipa,0
veracruz de ignacio de la llave,comapa,2
veracruz de ignacio de la llave,cosamaloapan de carpio,14
veracruz de ignacio de la llave,cosautlan de carvajal,0
veracruz de ignacio de la llave,coscomatepec,21
veracruz de ignacio de la llave,cosoleacaque,10
veracruz de ignacio de la llave,cotaxtla,19
veracruz de ignacio de la llave,coxquihui,0
veracruz de ignacio de la llave,coyutla,19
veracruz de ignacio de la llave,cuichapa,0
veracruz de ignacio de la llave,cuitlahuac,37
veracruz de ignacio de la llave,cordoba,6
veracruz de ignacio de la llave,el higo,13
veracruz de ignacio de la llave,emiliano zapata,35
veracruz de ignacio de la llave,espinal,2
veracruz de ignacio de la llave,filomeno mata,0
veracruz de ignacio de la llave,fortin,14
veracruz de ignacio de la llave,gutierrez zamora,13
veracruz de ignacio de la llave,hidalgotitlan,0
veracruz de ignacio de la llave,huatusco,10
veracruz de ignacio de la llave,huayacocotla,19
veracruz de ignacio de la llave,hueyapan de ocampo,2
veracruz de ignacio de la llave,huiloapan de cuauhtemoc,0
veracruz de ignacio de la llave,ignacio de la llave,2
veracruz de ignacio de la llave,isla,42
veracruz de ignacio de la llave,ixcatepec,0
veracruz de ignacio de la llave,ixhuacan de los reyes,28
veracruz de ignacio de la llave,ixhuatlancillo,2
veracruz de ignacio de la llave,ixhuatlan de madero,2
veracruz de ignacio de la llave,ixtaczoquitlan,10
veracruz de ignacio de la llave,jalacingo,21
veracruz de ignacio de la llave,jalcomulco,0
veracruz de ignacio de la llave,jamapa,0
veracruz de ignacio de la llave,jesus carranza,2
veracruz de ignacio de la llave,jilotepec,0
veracruz de ignacio de la llave,jose azueta,2
veracruz de ignacio de la llave,juan rodriguez clara,21
veracruz de ignacio de la llave,juchique de ferrer,0
veracruz de ignacio de la llave,jaltipan,42
veracruz de ignacio de la llave,la antigua,26
veracruz de ignacio de la llave,la perla,2
veracruz de ignacio de la llave,landero y coss,0
veracruz de ignacio de la llave,las choapas,10
veracruz de ignacio de la llave,las vigas de ramirez,19
veracruz de ignacio de la llave,lerdo de tejada,37
veracruz de ignacio de la llave,los reyes,0
veracruz de ignacio de la llave,magdalena,0
veracruz de ignacio de la llave,maltrata,2
veracruz de ignacio de la llave,manlio fabio altamirano,2
veracruz de ignacio de la llave,mariano escobedo,2
veracruz de ignacio de la llave,martinez de la torre,48
veracruz de ignacio de la llave,mecatlan,0
veracruz de ignacio de la llave,mecayapan,0
veracruz de ignacio de la llave,medellin de bravo,35
veracruz de ignacio de la llave,miahuatlan,0
veracruz de ignacio de la llave,minatitlan,20
veracruz de ignacio de la llave,misantla,10
veracruz de ignacio de la llave,moloacan,19
veracruz de ignacio de la llave,nanchital de lazaro cardenas del rio,37
veracruz de ignacio de la llave,naolinco,19
veracruz de ignacio de la llave,naranjos amatlan,37
veracruz de ignacio de la llave,nautla,0
veracruz de ignacio de la llave,nogales,19
veracruz de ignacio de la llave,oluta,19
veracruz de ignacio de la llave,omealca,19
veracruz de ignacio de la llave,orizaba,20
veracruz de ignacio de la llave,otatitlan,0
veracruz de ignacio de la llave,oteapan,28
veracruz de ignacio de la llave,ozuluama de mascarenas,19
veracruz de ignacio de la llave,pajapan,2
veracruz de ignacio de la llave,papantla,10
veracruz de ignacio de la llave,paso de ovejas,2
veracruz de ignacio de la llave,paso del macho,19
veracruz de ignacio de la llave,perote,14
veracruz de ignacio de la llave,platon sanchez,19
veracruz de ignacio de la llave,playa vicente,42
veracruz de ignacio de la llave,poza rica de hidalgo,6
veracruz de ignacio de la llave,pueblo viejo,21
veracruz de ignacio de la llave,puente nacional,19
veracruz de ignacio de la llave,panuco,35
veracruz de ignacio de la llave,rafael delgado,2
veracruz de ignacio de la llave,rafael lucio,32
veracruz de ignacio de la llave,rio blanco,42
veracruz de ignacio de la llave,saltabarranca,28
veracruz de ignacio de la llave,san andres tuxtla,10
veracruz de ignacio de la llave,san juan evangelista,2
veracruz de ignacio de la llave,san rafael,19
veracruz de ignacio de la llave,santiago sochiapan,0
veracruz de ignacio de la llave,santiago tuxtla,21
veracruz de ignacio de la llave,sayula de aleman,19
veracruz de ignacio de la llave,sochiapa,0
veracruz de ignacio de la llave,soconusco,0
veracruz de ignacio de la llave,soledad de doblado,19
veracruz de ignacio de la llave,soteapan,2
veracruz de ignacio de la llave,tamalin,0
veracruz de ignacio de la llave,tamiahua,2
veracruz de ignacio de la llave,tampico alto,0
veracruz de ignacio de la llave,tancoco,0
veracruz de ignacio de la llave,tantima,0
veracruz de ignacio de la llave,tantoyuca,10
veracruz de ignacio de la llave,tatahuicapan de juarez,0
veracruz de ignacio de la llave,tecolutla,19
veracruz de ignacio de la llave,tehuipango,0
veracruz de ignacio de la llave,tempoal,19
veracruz de ignacio de la llave,tenampa,0
veracruz de ignacio de la llave,tenochtitlan,0
veracruz de ignacio de la llave,teocelo,19
veracruz de ignacio de la llave,tepatlaxco,0
veracruz de ignacio de la llave,tepetlan,0
veracruz de ignacio de la llave,tepetzintla,0
veracruz de ignacio de la llave,tequila,0
veracruz de ignacio de la llave,texhuacan,0
veracruz de ignacio de la llave,texistepec,2
veracruz de ignacio de la llave,tezonapa,21
veracruz de ignacio de la llave,tierra blanca,4
veracruz de ignacio de la llave,tihuatlan,35
veracruz de ignacio de la llave,tlachichilco,0
veracruz de ignacio de la llave,tlacojalpan,0
veracruz de ignacio de la llave,tlacolulan,0
veracruz de ignacio de la llave,tlacotalpan,0
veracruz de ignacio de la llave,tlacotepec de mejia,0
veracruz de ignacio de la llave,tlalixcoyan,21
veracruz de ignacio de la llave,tlalnelhuayocan,0
veracruz de ignacio de la llave,tlaltetela,0
veracruz de ignacio de la llave,tlapacoyan,10
veracruz de ignacio de la llave,tlaquilpa,0
veracruz de ignacio de la llave,tomatlan,28
veracruz de ignacio de la llave,totutla,0
veracruz de ignacio de la llave,tres valles,42
veracruz de ignacio de la llave,tuxpan,48
veracruz de ignacio de la llave,tuxtilla,0
veracruz de ignacio de la llave,ursulo galvan,19
veracruz de ignacio de la llave,uxpanapa,2
veracruz de ignacio de la llave,vega de alatorre,19
veracruz de ignacio de la llave,veracruz,46
veracruz de ignacio de la llave,villa aldama,0
veracruz de ignacio de la llave,xalapa,38
veracruz de ignacio de la llave,xico,42
veracruz de ignacio de la llave,yanga,19
veracruz de ignacio de la llave,yecuatla,0
veracruz de ignacio de la llave,zaragoza,0
veracruz de ignacio de la llave,zentla,0
veracruz de ignacio de la llave,zongolica,2
veracruz de ignacio de la llave,zontecomatlan de lopez y fuentes,0
veracruz de ignacio de la llave,zozocolco de hidalgo,0
veracruz de ignacio de la llave,alamo temapache,35
yucatan,acanceh,28
yucatan,akil,28
yucatan,baca,0
yucatan,bokoba,0
yucatan,buctzotz,28
yucatan,cacalchen,0
yucatan,cansahcab,28
yucatan,celestun,28
yucatan,cenotillo,0
yucatan,chapab,0
yucatan,chemax,2
yucatan,chichimila,0
yucatan,chicxulub pueblo,28
yucatan,chochola,0
yucatan,chumayel,0
yucatan,conkal,28
yucatan,cuncunul,0
yucatan,cuzama,0
yucatan,dzemul,0
yucatan,dzidzantun,28
yucatan,dzilam gonzalez,28
yucatan,dzoncauich,0
yucatan,dzan,0
yucatan,hocaba,0
yucatan,hoctun,28
yucatan,homun,0
yucatan,huhi,0
yucatan,hunucma,42
yucatan,ixil,0
yucatan,izamal,13
yucatan,kanasin,35
yucatan,kantunil,0
yucatan,kaua,28
yucatan,kinchil,28
yucatan,kopoma,28
yucatan,mama,0
yucatan,mani,0
yucatan,maxcanu,19
yucatan,mococha,0
yucatan,motul,37
yucatan,muna,28
yucatan,muxupip,0
yucatan,merida,44
yucatan,opichen,0
yucatan,oxkutzcab,37
yucatan,panaba,0
yucatan,peto,19
yucatan,progreso,14
yucatan,sacalum,0
yucatan,samahil,0
yucatan,san felipe,28
yucatan,santa elena,0
yucatan,seye,28
yucatan,sotuta,0
yucatan,sudzal,0
yucatan,suma,0
yucatan,tahdziu,0
yucatan,tahmek,0
yucatan,teabo,28
yucatan,tecoh,0
yucatan,tekanto,0
yucatan,tekax,21
yucatan,tekit,0
yucatan,tekom,0
yucatan,telchac pueblo,0
yucatan,telchac puerto,28
yucatan,temax,0
yucatan,temozon,0
yucatan,tetiz,0
yucatan,teya,0
yucatan,ticul,37
yucatan,timucuy,0
yucatan,tinum,28
yucatan,tixcacalcupul,0
yucatan,tixkokob,19
yucatan,tixpehual,0
yucatan,tizimin,10
yucatan,tunkas,0
yucatan,tzucacab,28
yucatan,ucu,0
yucatan,uman,14
yucatan,valladolid,14
yucatan,xocchel,0
yucatan,yaxcaba,0
yucatan,yaxkukul,0
zacatecas,apozol,0
zacatecas,atolinga,0
zacatecas,benito juarez,28
zacatecas,calera,42
zacatecas,canitas de felipe pescador,0
zacatecas,chalchihuites,28
zacatecas,concepcion del oro,28
zacatecas,cuauhtemoc,0
zacatecas,fresnillo,22
zacatecas,genaro codina,0
zacatecas,general enrique estrada,28
zacatecas,general francisco r. murguia,19
zacatecas,general panfilo natera,2
zacatecas,guadalupe,43
zacatecas,huanusco,0
zacatecas,jalpa,13
zacatecas,jerez,14
zacatecas,jimenez del teul,0
zacatecas,juan aldama,37
zacatecas,juchipila,13
zacatecas,loreto,42
zacatecas,luis moya,28
zacatecas,mazapil,28
zacatecas,mezquital del oro,0
zacatecas,miguel auza,7
zacatecas,momax,28
zacatecas,monte escobedo,28
zacatecas,morelos,32
zacatecas,moyahua de estrada,28
zacatecas,nochistlan de mejia,42
zacatecas,noria de angeles,0
zacatecas,ojocaliente,42
zacatecas,pinos,21
zacatecas,panuco,0
zacatecas,rio grande,14
zacatecas,sain alto,2
zacatecas,santa maria de la paz,28
zacatecas,sombrerete,10
zacatecas,susticacan,0
zacatecas,tabasco,19
zacatecas,tepechitlan,28
zacatecas,tepetongo,0
zacatecas,teul de gonzalez ortega,0
zacatecas,tlaltenango de sanchez roman,42
zacatecas,trinidad garcia de la cadena,28
zacatecas,valparaiso,19
zacatecas,vetagrande,0
zacatecas,villa garcia,2
zacatecas,villa gonzalez ortega,0
zacatecas,villa hidalgo,2
zacatecas,villa de cos,19
zacatecas,villanueva,19
zacatecas,zacatecas,20
